<annotation>
	<folder></folder>
	<filename>BloodImage_00003_jpg.rf.4c25ef46042b85efe0700671af1fba87.jpg</filename>
	<path>BloodImage_00003_jpg.rf.4c25ef46042b85efe0700671af1fba87.jpg</path>
	<source>
		<database>roboflow.ai</database>
	</source>
	<size>
		<width>640</width>
		<height>480</height>
		<depth>3</depth>
	</size>
	<segmented>0</segmented>
	<object>
		<name>WBC</name>
		<pose>Unspecified</pose>
		<truncated>0</truncated>
		<difficult>0</difficult>
		<occluded>0</occluded>
		<bndbox>
			<xmin>128</xmin>
			<xmax>345</xmax>
			<ymin>41</ymin>
			<ymax>227</ymax>
		</bndbox>
	</object>
	<object>
		<name>RBC</name>
		<pose>Unspecified</pose>
		<truncated>0</truncated>
		<difficult>0</difficult>
		<occluded>0</occluded>
		<bndbox>
			<xmin>318</xmin>
			<xmax>425</xmax>
			<ymin>94</ymin>
			<ymax>196</ymax>
		</bndbox>
	</object>
	<object>
		<name>RBC</name>
		<pose>Unspecified</pose>
		<truncated>0</truncated>
		<difficult>0</difficult>
		<occluded>0</occluded>
		<bndbox>
			<xmin>380</xmin>
			<xmax>472</xmax>
			<ymin>147</ymin>
			<ymax>235</ymax>
		</bndbox>
	</object>
	<object>
		<name>RBC</name>
		<pose>Unspecified</pose>
		<truncated>0</truncated>
		<difficult>0</difficult>
		<occluded>0</occluded>
		<bndbox>
			<xmin>505</xmin>
			<xmax>615</xmax>
			<ymin>211</ymin>
			<ymax>303</ymax>
		</bndbox>
	</object>
	<object>
		<name>RBC</name>
		<pose>Unspecified</pose>
		<truncated>0</truncated>
		<difficult>0</difficult>
		<occluded>0</occluded>
		<bndbox>
			<xmin>418</xmin>
			<xmax>554</xmax>
			<ymin>249</ymin>
			<ymax>370</ymax>
		</bndbox>
	</object>
	<object>
		<name>RBC</name>
		<pose>Unspecified</pose>
		<truncated>0</truncated>
		<difficult>0</difficult>
		<occluded>0</occluded>
		<bndbox>
			<xmin>515</xmin>
			<xmax>616</xmax>
			<ymin>14</ymin>
			<ymax>137</ymax>
		</bndbox>
	</object>
	<object>
		<name>RBC</name>
		<pose>Unspecified</pose>
		<truncated>0</truncated>
		<difficult>0</difficult>
		<occluded>0</occluded>
		<bndbox>
			<xmin>418</xmin>
			<xmax>521</xmax>
			<ymin>2</ymin>
			<ymax>89</ymax>
		</bndbox>
	</object>
	<object>
		<name>RBC</name>
		<pose>Unspecified</pose>
		<truncated>0</truncated>
		<difficult>0</difficult>
		<occluded>0</occluded>
		<bndbox>
			<xmin>2</xmin>
			<xmax>80</xmax>
			<ymin>127</ymin>
			<ymax>241</ymax>
		</bndbox>
	</object>
	<object>
		<name>RBC</name>
		<pose>Unspecified</pose>
		<truncated>0</truncated>
		<difficult>0</difficult>
		<occluded>0</occluded>
		<bndbox>
			<xmin>48</xmin>
			<xmax>159</xmax>
			<ymin>203</ymin>
			<ymax>318</ymax>
		</bndbox>
	</object>
	<object>
		<name>RBC</name>
		<pose>Unspecified</pose>
		<truncated>0</truncated>
		<difficult>0</difficult>
		<occluded>0</occluded>
		<bndbox>
			<xmin>315</xmin>
			<xmax>425</xmax>
			<ymin>285</ymin>
			<ymax>378</ymax>
		</bndbox>
	</object>
	<object>
		<name>RBC</name>
		<pose>Unspecified</pose>
		<truncated>0</truncated>
		<difficult>0</difficult>
		<occluded>0</occluded>
		<bndbox>
			<xmin>366</xmin>
			<xmax>485</xmax>
			<ymin>351</ymin>
			<ymax>452</ymax>
		</bndbox>
	</object>
	<object>
		<name>RBC</name>
		<pose>Unspecified</pose>
		<truncated>0</truncated>
		<difficult>0</difficult>
		<occluded>0</occluded>
		<bndbox>
			<xmin>2</xmin>
			<xmax>87</xmax>
			<ymin>348</ymin>
			<ymax>435</ymax>
		</bndbox>
	</object>
	<object>
		<name>RBC</name>
		<pose>Unspecified</pose>
		<truncated>0</truncated>
		<difficult>0</difficult>
		<occluded>0</occluded>
		<bndbox>
			<xmin>50</xmin>
			<xmax>184</xmax>
			<ymin>397</ymin>
			<ymax>481</ymax>
		</bndbox>
	</object>
	<object>
		<name>RBC</name>
		<pose>Unspecified</pose>
		<truncated>0</truncated>
		<difficult>0</difficult>
		<occluded>0</occluded>
		<bndbox>
			<xmin>515</xmin>
			<xmax>596</xmax>
			<ymin>386</ymin>
			<ymax>478</ymax>
		</bndbox>
	</object>
	<object>
		<name>RBC</name>
		<pose>Unspecified</pose>
		<truncated>0</truncated>
		<difficult>0</difficult>
		<occluded>0</occluded>
		<bndbox>
			<xmin>57</xmin>
			<xmax>152</xmax>
			<ymin>67</ymin>
			<ymax>212</ymax>
		</bndbox>
	</object>
	<object>
		<name>RBC</name>
		<pose>Unspecified</pose>
		<truncated>0</truncated>
		<difficult>0</difficult>
		<occluded>0</occluded>
		<bndbox>
			<xmin>214</xmin>
			<xmax>334</xmax>
			<ymin>254</ymin>
			<ymax>369</ymax>
		</bndbox>
	</object>
	<object>
		<name>Platelets</name>
		<pose>Unspecified</pose>
		<truncated>0</truncated>
		<difficult>0</difficult>
		<occluded>0</occluded>
		<bndbox>
			<xmin>336</xmin>
			<xmax>371</xmax>
			<ymin>269</ymin>
			<ymax>300</ymax>
		</bndbox>
	</object>
</annotation>
