<annotation>
	<folder></folder>
	<filename>BloodImage_00250_jpg.rf.12516222ad772dc4ee0fcd8c7e5cb689.jpg</filename>
	<path>BloodImage_00250_jpg.rf.12516222ad772dc4ee0fcd8c7e5cb689.jpg</path>
	<source>
		<database>roboflow.ai</database>
	</source>
	<size>
		<width>640</width>
		<height>480</height>
		<depth>3</depth>
	</size>
	<segmented>0</segmented>
	<object>
		<name>WBC</name>
		<pose>Unspecified</pose>
		<truncated>0</truncated>
		<difficult>0</difficult>
		<occluded>0</occluded>
		<bndbox>
			<xmin>126</xmin>
			<xmax>325</xmax>
			<ymin>144</ymin>
			<ymax>345</ymax>
		</bndbox>
	</object>
</annotation>
