<annotation>
	<folder></folder>
	<filename>BloodImage_00147_jpg.rf.922f24aecdc26dd8165f897a4ee02826.jpg</filename>
	<path>BloodImage_00147_jpg.rf.922f24aecdc26dd8165f897a4ee02826.jpg</path>
	<source>
		<database>roboflow.ai</database>
	</source>
	<size>
		<width>640</width>
		<height>480</height>
		<depth>3</depth>
	</size>
	<segmented>0</segmented>
	<object>
		<name>Platelets</name>
		<pose>Unspecified</pose>
		<truncated>0</truncated>
		<difficult>0</difficult>
		<occluded>0</occluded>
		<bndbox>
			<xmin>201</xmin>
			<xmax>239</xmax>
			<ymin>250</ymin>
			<ymax>295</ymax>
		</bndbox>
	</object>
	<object>
		<name>WBC</name>
		<pose>Unspecified</pose>
		<truncated>0</truncated>
		<difficult>0</difficult>
		<occluded>0</occluded>
		<bndbox>
			<xmin>340</xmin>
			<xmax>515</xmax>
			<ymin>43</ymin>
			<ymax>208</ymax>
		</bndbox>
	</object>
</annotation>
