<annotation>
	<folder></folder>
	<filename>BloodImage_00249_jpg.rf.cb55a4a3ff2397d5fd193c0493c64611.jpg</filename>
	<path>BloodImage_00249_jpg.rf.cb55a4a3ff2397d5fd193c0493c64611.jpg</path>
	<source>
		<database>roboflow.ai</database>
	</source>
	<size>
		<width>640</width>
		<height>480</height>
		<depth>3</depth>
	</size>
	<segmented>0</segmented>
	<object>
		<name>WBC</name>
		<pose>Unspecified</pose>
		<truncated>0</truncated>
		<difficult>0</difficult>
		<occluded>0</occluded>
		<bndbox>
			<xmin>71</xmin>
			<xmax>278</xmax>
			<ymin>330</ymin>
			<ymax>481</ymax>
		</bndbox>
	</object>
	<object>
		<name>WBC</name>
		<pose>Unspecified</pose>
		<truncated>0</truncated>
		<difficult>0</difficult>
		<occluded>0</occluded>
		<bndbox>
			<xmin>165</xmin>
			<xmax>363</xmax>
			<ymin>21</ymin>
			<ymax>206</ymax>
		</bndbox>
	</object>
	<object>
		<name>Platelets</name>
		<pose>Unspecified</pose>
		<truncated>0</truncated>
		<difficult>0</difficult>
		<occluded>0</occluded>
		<bndbox>
			<xmin>279</xmin>
			<xmax>312</xmax>
			<ymin>269</ymin>
			<ymax>299</ymax>
		</bndbox>
	</object>
</annotation>
