<annotation>
	<folder></folder>
	<filename>BloodImage_00224_jpg.rf.cb09b3e08c44e1027385f1e243a2de03.jpg</filename>
	<path>BloodImage_00224_jpg.rf.cb09b3e08c44e1027385f1e243a2de03.jpg</path>
	<source>
		<database>roboflow.ai</database>
	</source>
	<size>
		<width>640</width>
		<height>480</height>
		<depth>3</depth>
	</size>
	<segmented>0</segmented>
	<object>
		<name>WBC</name>
		<pose>Unspecified</pose>
		<truncated>0</truncated>
		<difficult>0</difficult>
		<occluded>0</occluded>
		<bndbox>
			<xmin>244</xmin>
			<xmax>389</xmax>
			<ymin>129</ymin>
			<ymax>292</ymax>
		</bndbox>
	</object>
	<object>
		<name>Platelets</name>
		<pose>Unspecified</pose>
		<truncated>0</truncated>
		<difficult>0</difficult>
		<occluded>0</occluded>
		<bndbox>
			<xmin>301</xmin>
			<xmax>335</xmax>
			<ymin>88</ymin>
			<ymax>131</ymax>
		</bndbox>
	</object>
</annotation>
