<annotation>
	<folder></folder>
	<filename>BloodImage_00150_jpg.rf.6449dff4812a9a6f430a4a7f5853ac2c.jpg</filename>
	<path>BloodImage_00150_jpg.rf.6449dff4812a9a6f430a4a7f5853ac2c.jpg</path>
	<source>
		<database>roboflow.ai</database>
	</source>
	<size>
		<width>640</width>
		<height>480</height>
		<depth>3</depth>
	</size>
	<segmented>0</segmented>
	<object>
		<name>WBC</name>
		<pose>Unspecified</pose>
		<truncated>0</truncated>
		<difficult>0</difficult>
		<occluded>0</occluded>
		<bndbox>
			<xmin>279</xmin>
			<xmax>406</xmax>
			<ymin>12</ymin>
			<ymax>150</ymax>
		</bndbox>
	</object>
	<object>
		<name>Platelets</name>
		<pose>Unspecified</pose>
		<truncated>0</truncated>
		<difficult>0</difficult>
		<occluded>0</occluded>
		<bndbox>
			<xmin>393</xmin>
			<xmax>417</xmax>
			<ymin>37</ymin>
			<ymax>61</ymax>
		</bndbox>
	</object>
</annotation>
