<annotation>
	<folder></folder>
	<filename>BloodImage_00268_jpg.rf.e1d8eccd1a77cadaeadebca867a24c62.jpg</filename>
	<path>BloodImage_00268_jpg.rf.e1d8eccd1a77cadaeadebca867a24c62.jpg</path>
	<source>
		<database>roboflow.ai</database>
	</source>
	<size>
		<width>640</width>
		<height>480</height>
		<depth>3</depth>
	</size>
	<segmented>0</segmented>
	<object>
		<name>WBC</name>
		<pose>Unspecified</pose>
		<truncated>0</truncated>
		<difficult>0</difficult>
		<occluded>0</occluded>
		<bndbox>
			<xmin>125</xmin>
			<xmax>329</xmax>
			<ymin>2</ymin>
			<ymax>173</ymax>
		</bndbox>
	</object>
</annotation>
