<annotation>
	<folder></folder>
	<filename>BloodImage_00072_jpg.rf.4dea0e09c770a4de243d19921135ce15.jpg</filename>
	<path>BloodImage_00072_jpg.rf.4dea0e09c770a4de243d19921135ce15.jpg</path>
	<source>
		<database>roboflow.ai</database>
	</source>
	<size>
		<width>640</width>
		<height>480</height>
		<depth>3</depth>
	</size>
	<segmented>0</segmented>
	<object>
		<name>RBC</name>
		<pose>Unspecified</pose>
		<truncated>0</truncated>
		<difficult>0</difficult>
		<occluded>0</occluded>
		<bndbox>
			<xmin>205</xmin>
			<xmax>355</xmax>
			<ymin>57</ymin>
			<ymax>156</ymax>
		</bndbox>
	</object>
	<object>
		<name>RBC</name>
		<pose>Unspecified</pose>
		<truncated>0</truncated>
		<difficult>0</difficult>
		<occluded>0</occluded>
		<bndbox>
			<xmin>117</xmin>
			<xmax>215</xmax>
			<ymin>224</ymin>
			<ymax>318</ymax>
		</bndbox>
	</object>
	<object>
		<name>RBC</name>
		<pose>Unspecified</pose>
		<truncated>0</truncated>
		<difficult>0</difficult>
		<occluded>0</occluded>
		<bndbox>
			<xmin>518</xmin>
			<xmax>611</xmax>
			<ymin>240</ymin>
			<ymax>366</ymax>
		</bndbox>
	</object>
	<object>
		<name>WBC</name>
		<pose>Unspecified</pose>
		<truncated>0</truncated>
		<difficult>0</difficult>
		<occluded>0</occluded>
		<bndbox>
			<xmin>190</xmin>
			<xmax>315</xmax>
			<ymin>289</ymin>
			<ymax>409</ymax>
		</bndbox>
	</object>
</annotation>
