<annotation>
	<folder></folder>
	<filename>BloodImage_00303_jpg.rf.96019c5afa192dbb914016f0243964fd.jpg</filename>
	<path>BloodImage_00303_jpg.rf.96019c5afa192dbb914016f0243964fd.jpg</path>
	<source>
		<database>roboflow.ai</database>
	</source>
	<size>
		<width>640</width>
		<height>480</height>
		<depth>3</depth>
	</size>
	<segmented>0</segmented>
	<object>
		<name>WBC</name>
		<pose>Unspecified</pose>
		<truncated>0</truncated>
		<difficult>0</difficult>
		<occluded>0</occluded>
		<bndbox>
			<xmin>47</xmin>
			<xmax>280</xmax>
			<ymin>59</ymin>
			<ymax>265</ymax>
		</bndbox>
	</object>
</annotation>
