<annotation>
	<folder></folder>
	<filename>BloodImage_00330_jpg.rf.d899322812a2f5b1123bd333a034adc3.jpg</filename>
	<path>BloodImage_00330_jpg.rf.d899322812a2f5b1123bd333a034adc3.jpg</path>
	<source>
		<database>roboflow.ai</database>
	</source>
	<size>
		<width>640</width>
		<height>480</height>
		<depth>3</depth>
	</size>
	<segmented>0</segmented>
	<object>
		<name>WBC</name>
		<pose>Unspecified</pose>
		<truncated>0</truncated>
		<difficult>0</difficult>
		<occluded>0</occluded>
		<bndbox>
			<xmin>280</xmin>
			<xmax>500</xmax>
			<ymin>366</ymin>
			<ymax>481</ymax>
		</bndbox>
	</object>
</annotation>
